{"version": 1, "notes": "", "documentation": "\"This file is a QMK Configurator export. You can import this at <https://config.qmk.fm>. It can also be used directly with QMK's source code.\n\nTo setup your QMK environment check out the tutorial: <https://docs.qmk.fm/#/newbs>\n\nYou can convert this file to a keymap.c using this command: `qmk json2c {keymap}`\n\nYou can compile this keymap using this command: `qmk compile {keymap}`\"\n", "keyboard": "sofle/rev1", "keymap": "sofle_rev1_sofle_rev1_jejefinal3", "layout": "LAYOUT", "layers": [["KC_ESC", "KC_1", "KC_2", "KC_3", "KC_4", "KC_5", "KC_6", "KC_7", "KC_8", "KC_9", "KC_0", "KC_BSPC", "LT(4,KC_TAB)", "KC_Q", "KC_W", "KC_E", "KC_R", "KC_T", "KC_Y", "KC_U", "KC_I", "KC_O", "KC_P", "KC_MINS", "KC_LSFT", "LT(5,KC_A)", "KC_S", "KC_D", "KC_F", "KC_G", "KC_H", "KC_J", "KC_K", "KC_L", "KC_SCLN", "LT(4,KC_NUHS)", "KC_LCTL", "KC_Z", "KC_X", "KC_C", "KC_V", "LT(4,KC_B)", "KC_MPLY", "KC_CAPS", "KC_N", "KC_M", "KC_COMM", "KC_DOT", "KC_SLSH", "MO(4)", "KC_LGUI", "KC_LALT", "LT(5,KC_TILD)", "LT(1,KC_BSPC)", "LSFT_T(KC_SPC)", "SC_SENT", "LT(2,KC_BSPC)", "LT(5,KC_QUOT)", "KC_HOME", "KC_END"], ["KC_TRNS", "KC_TRNS", "KC_F2", "KC_F3", "KC_F4", "KC_F5", "KC_F6", "KC_F7", "KC_F8", "KC_F9", "KC_F10", "KC_DEL", "KC_TRNS", "KC_MUTE", "KC_PMNS", "KC_PPLS", "KC_LPRN", "KC_RPRN", "KC_LPRN", "KC_RPRN", "KC_PLUS", "KC_PMNS", "KC_F11", "KC_F12", "KC_TRNS", "KC_MNXT", "KC_PSLS", "KC_PAST", "KC_LBRC", "KC_RBRC", "KC_LBRC", "KC_RBRC", "KC_PAST", "KC_PSLS", "KC_PGUP", "KC_HOME", "KC_TRNS", "KC_MPRV", "KC_LCBR", "KC_RCBR", "KC_UNDS", "KC_EQL", "KC_CALC", "KC_CALC", "KC_EQL", "KC_UNDS", "KC_LCBR", "KC_RCBR", "KC_PGDN", "KC_END", "KC_TRNS", "KC_TRNS", "KC_DEL", "KC_TRNS", "KC_TRNS", "KC_TRNS", "MO(3)", "KC_DEL", "KC_TRNS", "KC_TRNS"], ["KC_TRNS", "KC_F1", "KC_F2", "KC_F3", "KC_F4", "KC_F5", "KC_F6", "KC_F7", "KC_F8", "KC_F9", "KC_F10", "KC_DEL", "KC_TRNS", "KC_MUTE", "KC_PMNS", "KC_PPLS", "KC_LPRN", "KC_RPRN", "KC_LPRN", "KC_RPRN", "KC_PPLS", "KC_PMNS", "KC_F11", "KC_F12", "KC_TRNS", "KC_MNXT", "KC_PSLS", "KC_PAST", "KC_RBRC", "KC_RBRC", "KC_LBRC", "KC_RBRC", "KC_PAST", "KC_PSLS", "KC_PGUP", "KC_HOME", "KC_TRNS", "KC_MPRV", "KC_LCBR", "KC_RCBR", "KC_UNDS", "KC_EQL", "KC_CALC", "KC_CALC", "KC_EQL", "KC_UNDS", "KC_LCBR", "KC_RCBR", "KC_PGDN", "KC_END", "KC_TRNS", "KC_TRNS", "KC_DEL", "KC_TRNS", "KC_TRNS", "KC_TRNS", "KC_TRNS", "KC_DEL", "KC_TRNS", "KC_TRNS"], ["TT(1)", "OSL(1)", "LSFT(KC_A)", "LGUI(KC_DOT)", "KC_NO", "KC_NO", "KC_NO", "KC_NO", "KC_NO", "KC_NO", "KC_NO", "KC_NO", "KC_TRNS", "KC_INS", "KC_PSCR", "KC_APP", "KC_NO", "KC_CALC", "KC_PGUP", "LCTL(KC_LEFT)", "KC_UP", "LCTL(KC_RGHT)", "LCTL(KC_BSPC)", "KC_BSPC", "KC_TRNS", "KC_LALT", "KC_LCTL", "KC_LSFT", "KC_NO", "KC_CAPS", "KC_PGDN", "KC_LEFT", "KC_DOWN", "KC_RGHT", "KC_DEL", "KC_BSPC", "KC_TRNS", "LCTL(KC_Z)", "LCTL(KC_X)", "LCTL(KC_C)", "LCTL(KC_V)", "KC_NO", "KC_TRNS", "KC_TRNS", "KC_NO", "KC_HOME", "KC_NO", "KC_END", "KC_NO", "KC_TRNS", "KC_TRNS", "KC_TRNS", "KC_TRNS", "KC_TRNS", "KC_TRNS", "KC_TRNS", "KC_TRNS", "KC_TRNS", "KC_TRNS", "KC_TRNS"], ["CG_TOGG", "LCA(KC_1)", "KC_NO", "LCA(KC_3)", "LCA(KC_4)", "DF(0)", "KC_ACL0", "KC_ACL1", "KC_ACL2", "KC_NO", "KC_NO", "KC_DEL", "KC_CAPS", "KC_NO", "KC_MS_L", "KC_MS_D", "KC_MS_U", "KC_MS_R", "KC_MS_L", "KC_MS_D", "KC_MS_U", "KC_MS_R", "KC_NO", "C_S_T(KC_P0)", "CG_TOGG", "KC_NO", "KC_LEFT", "KC_DOWN", "KC_UP", "KC_RGHT", "KC_LEFT", "KC_DOWN", "KC_UP", "KC_RGHT", "KC_NO", "KC_GRV", "DF(1)", "KC_NO", "KC_NO", "KC_NO", "KC_BTN2", "KC_BTN1", "KC_NO", "KC_NO", "KC_BTN1", "KC_BTN2", "KC_NO", "KC_NO", "KC_NO", "KC_TRNS", "KC_TRNS", "KC_TRNS", "KC_TRNS", "KC_TRNS", "KC_TRNS", "KC_TRNS", "KC_TRNS", "KC_TRNS", "KC_TRNS", "KC_TRNS"], ["KC_NO", "LCA(KC_1)", "KC_NO", "LCA(KC_3)", "LCA(KC_4)", "KC_NO", "KC_ACL0", "KC_ACL1", "KC_ACL2", "KC_NO", "KC_NO", "KC_DEL", "KC_CAPS", "KC_NO", "KC_MS_L", "KC_MS_D", "KC_MS_U", "KC_MS_R", "KC_MS_L", "KC_MS_D", "KC_MS_U", "KC_MS_R", "KC_NO", "C_S_T(KC_P0)", "KC_NO", "KC_NO", "KC_LEFT", "KC_DOWN", "KC_UP", "KC_RGHT", "KC_LEFT", "KC_DOWN", "KC_UP", "KC_RGHT", "KC_NO", "KC_GRV", "KC_NO", "KC_NO", "KC_NO", "KC_NO", "KC_BTN2", "KC_BTN1", "KC_NO", "KC_NO", "KC_BTN1", "KC_BTN2", "KC_NO", "KC_NO", "KC_NO", "KC_NO", "KC_NO", "KC_NO", "KC_NO", "KC_NO", "KC_NO", "KC_NO", "KC_NO", "KC_NO", "KC_NO", "KC_NO"]]}
